match_id,season,date,city,venue,team1,team2,toss_winner,toss_decision,winner,win_by,win_margin,player_of_match,umpire1,umpire2,tv_umpire,match_referee
1075986,2017,09/02/2017,Dubai,Dubai International Cricket Stadium,Islamabad United,Peshawar Zalmi,Islamabad United,field,Islamabad United,wickets,7,BJ Haddin,Ahsan Raza,Shozab Raza,Rashid Riaz,RS Mahanama
1075987,2017,10/02/2017,Dubai,Dubai International Cricket Stadium,Lahore Qalandars,Quetta Gladiators,Lahore Qalandars,field,Quetta Gladiators,runs,8,Hassan Khan,Rashid Riaz,Shozab Raza,Ahsan Raza,Mohammed Anees
1075988,2017,10/02/2017,Dubai,Dubai International Cricket Stadium,Karachi Kings,Peshawar Zalmi,Peshawar Zalmi,field,Peshawar Zalmi,wickets,7,EJG Morgan,Ahmed Shahab,Ahsan Raza,Asif Yaqoob,RS Mahanama
1075989,2017,11/02/2017,Dubai,Dubai International Cricket Stadium,Islamabad United,Lahore Qalandars,Lahore Qalandars,field,Lahore Qalandars,wickets,6,JJ Roy,Asif Yaqoob,Shozab Raza,Ahsan Raza,RS Mahanama
1075990,2017,11/02/2017,Dubai,Dubai International Cricket Stadium,Karachi Kings,Quetta Gladiators,Quetta Gladiators,field,Quetta Gladiators,wickets,7,RR Rossouw,Aleem Dar,Rashid Riaz,Ahmed Shahab,Mohammed Anees
1075991,2017,12/02/2017,Dubai,Dubai International Cricket Stadium,Lahore Qalandars,Peshawar Zalmi,Peshawar Zalmi,field,Peshawar Zalmi,wickets,3,Yasir Shah,Aleem Dar,RK Illingworth,Ahsan Raza,Mohammed Anees
1075992,2017,15/02/2017,Sharjah,Sharjah Cricket Stadium,Islamabad United,Quetta Gladiators,Islamabad United,field,Islamabad United,wickets,5,SW Billings,Aleem Dar,RK Illingworth,Shozab Raza,RS Mahanama
1075993,2017,16/02/2017,Sharjah,Sharjah Cricket Stadium,Karachi Kings,Lahore Qalandars,Karachi Kings,field,Lahore Qalandars,runs,7,Fakhar Zaman,Aleem Dar,RK Illingworth,Ahsan Raza,Mohammed Anees
1075994,2017,17/02/2017,Sharjah,Sharjah Cricket Stadium,Peshawar Zalmi,Quetta Gladiators,Quetta Gladiators,field,No Result,,0,,Ahsan Raza,Asif Yaqoob,Rashid Riaz,Mohammed Anees
1075995,2017,17/02/2017,Sharjah,Sharjah Cricket Stadium,Islamabad United,Karachi Kings,Karachi Kings,field,Karachi Kings,runs,8,Babar Azam,Aleem Dar,RK Illingworth,Shozab Raza,RS Mahanama
1075996,2017,18/02/2017,Sharjah,Sharjah Cricket Stadium,Lahore Qalandars,Quetta Gladiators,Quetta Gladiators,field,Quetta Gladiators,wickets,5,KP Pietersen,Rashid Riaz,Shozab Raza,Ahmed Shahab,RS Mahanama
1075997,2017,18/02/2017,Sharjah,Sharjah Cricket Stadium,Islamabad United,Peshawar Zalmi,Islamabad United,field,Islamabad United,wickets,5,Mohammad Sami,Aleem Dar,RK Illingworth,Asif Yaqoob,Mohammed Anees
1075998,2017,19/02/2017,Sharjah,Sharjah Cricket Stadium,Karachi Kings,Peshawar Zalmi,Peshawar Zalmi,field,Karachi Kings,runs,9,Shoaib Malik,Ahmed Shahab,Aleem Dar,Shozab Raza,Mohammed Anees
1075999,2017,20/02/2017,Sharjah,Sharjah Cricket Stadium,Islamabad United,Lahore Qalandars,Lahore Qalandars,field,Lahore Qalandars,wickets,1,Umar Akmal,Ahmed Shahab,Ahsan Raza,Rashid Riaz,RS Mahanama
1076000,2017,23/02/2017,Dubai,Dubai International Cricket Stadium,Karachi Kings,Quetta Gladiators,Quetta Gladiators,field,Quetta Gladiators,wickets,6,Mahmudullah,Aleem Dar,REJ Martinesz,Ahsan Raza,Shozab Raza
1076001,2017,24/02/2017,Dubai,Dubai International Cricket Stadium,Lahore Qalandars,Peshawar Zalmi,Peshawar Zalmi,bat,Peshawar Zalmi,runs,17,Shakib Al Hasan,REJ Martinesz,Shozab Raza,Ahmed Shahab,RS Mahanama
1076002,2017,24/02/2017,Dubai,Dubai International Cricket Stadium,Islamabad United,Quetta Gladiators,Quetta Gladiators,field,Islamabad United,runs,1,Mohammad Sami,Ahsan Raza,Aleem Dar,Rashid Riaz,Mohammed Anees
1076003,2017,25/02/2017,Dubai,Dubai International Cricket Stadium,Karachi Kings,Lahore Qalandars,Karachi Kings,field,Karachi Kings,wickets,5,KA Pollard,REJ Martinesz,Shozab Raza,Rashid Riaz,Mohammed Anees
1076004,2017,25/02/2017,Dubai,Dubai International Cricket Stadium,Peshawar Zalmi,Quetta Gladiators,Peshawar Zalmi,field,Peshawar Zalmi,wickets,2,Mohammad Asghar,Ahmed Shahab,Ahsan Raza,Aleem Dar,RS Mahanama
1076005,2017,26/02/2017,Dubai,Dubai International Cricket Stadium,Islamabad United,Karachi Kings,Karachi Kings,field,Karachi Kings,wickets,6,CH Gayle,Aleem Dar,REJ Martinesz,Ahsan Raza,RS Mahanama
1076006,2017,28/02/2017,Sharjah,Sharjah Cricket Stadium,Quetta Gladiators,Peshawar Zalmi,Peshawar Zalmi,field,Quetta Gladiators,runs,1,Ahmed Shehzad,REJ Martinesz,Shozab Raza,Ahsan Raza,RS Mahanama
1076007,2017,01/03/2017,Sharjah,Sharjah Cricket Stadium,Karachi Kings,Islamabad United,Islamabad United,field,Karachi Kings,runs,44,Imad Wasim,REJ Martinesz,Shozab Raza,Ahsan Raza,RS Mahanama
1076008,2017,03/03/2017,Dubai,Dubai International Cricket Stadium,Peshawar Zalmi,Karachi Kings,Karachi Kings,field,Peshawar Zalmi,runs,24,Kamran Akmal,Ahsan Raza,REJ Martinesz,Shozab Raza,RS Mahanama
1076009,2017,05/03/2017,Lahore,"Gaddafi Stadium, Lahore",Peshawar Zalmi,Quetta Gladiators,Quetta Gladiators,field,Peshawar Zalmi,runs,58,DJG Sammy,Ahsan Raza,REJ Martinesz,Shozab Raza,RS Mahanama
1128818,2018,22/02/2018,Dubai,Dubai International Cricket Stadium,Peshawar Zalmi,Multan Sultans,Multan Sultans,field,Multan Sultans,wickets,7,KC Sangakkara,Ahmed Shahab,RT Robinson,REJ Martinesz,RS Mahanama
1128819,2018,23/02/2018,Dubai,Dubai International Cricket Stadium,Karachi Kings,Quetta Gladiators,Karachi Kings,bat,Karachi Kings,runs,19,CA Ingram,REJ Martinesz,Rashid Riaz,Ahmed Shahab,Mohammed Anees
1128820,2018,23/02/2018,Dubai,Dubai International Cricket Stadium,Multan Sultans,Lahore Qalandars,Lahore Qalandars,field,Multan Sultans,runs,43,Imran Tahir,Asif Yaqoob,RT Robinson,Shozab Raza,RS Mahanama
1128821,2018,24/02/2018,Dubai,Dubai International Cricket Stadium,Islamabad United,Peshawar Zalmi,Islamabad United,field,Peshawar Zalmi,runs,34,Umaid Asif,REJ Martinesz,Rashid Riaz,Ahmed Shahab,Mohammed Anees
1128822,2018,24/02/2018,Dubai,Dubai International Cricket Stadium,Quetta Gladiators,Lahore Qalandars,Quetta Gladiators,field,Quetta Gladiators,wickets,9,Mohammad Nawaz (3),Asif Yaqoob,RT Robinson,Shozab Raza,RS Mahanama
1128823,2018,25/02/2018,Dubai,Dubai International Cricket Stadium,Multan Sultans,Islamabad United,Islamabad United,field,Islamabad United,wickets,5,Hussain Talat,REJ Martinesz,Rashid Riaz,,
1128824,2018,25/02/2018,Dubai,Dubai International Cricket Stadium,Karachi Kings,Peshawar Zalmi,Peshawar Zalmi,bat,Karachi Kings,wickets,5,DR Smith,REJ Martinesz,RT Robinson,Shozab Raza,RS Mahanama
1128825,2018,26/02/2018,Dubai,Dubai International Cricket Stadium,Karachi Kings,Lahore Qalandars,Karachi Kings,bat,Karachi Kings,runs,27,Shahid Afridi,REJ Martinesz,RT Robinson,Shozab Raza,RS Mahanama
1128826,2018,28/02/2018,Sharjah,Sharjah Cricket Stadium,Islamabad United,Quetta Gladiators,Quetta Gladiators,field,Quetta Gladiators,wickets,6,KP Pietersen,REJ Martinesz,RT Robinson,Shozab Raza,RS Mahanama
1128827,2018,01/03/2018,Sharjah,Sharjah Cricket Stadium,Quetta Gladiators,Peshawar Zalmi,Peshawar Zalmi,field,Peshawar Zalmi,wickets,5,DJG Sammy,RT Robinson,Aleem Dar,Ahmed Shahab,
1128829,2018,02/03/2018,Sharjah,Sharjah Cricket Stadium,Lahore Qalandars,Islamabad United,Lahore Qalandars,field,No Result,,0,Mohammad Sami,REJ Martinesz,Khalid Mahmood,Ahmed Shahab,Mohammed Anees
1128830,2018,03/03/2018,Sharjah,Sharjah Cricket Stadium,Multan Sultans,Quetta Gladiators,Multan Sultans,field,Multan Sultans,wickets,9,Sohail Tanvir,Ahmed Shahab,Aleem Dar,Shozab Raza,RS Mahanama
1128831,2018,03/03/2018,Sharjah,Sharjah Cricket Stadium,Peshawar Zalmi,Lahore Qalandars,Lahore Qalandars,bat,Peshawar Zalmi,wickets,10,LA Dawson,REJ Martinesz,RT Robinson,Khalid Mahmood,Mohammed Anees
1128832,2018,04/03/2018,Sharjah,Sharjah Cricket Stadium,Islamabad United,Karachi Kings,Islamabad United,field,Islamabad United,wickets,8,L Ronchi,RT Robinson,Aleem Dar,Ahmed Shahab,RS Mahanama
1128833,2018,06/03/2018,Dubai,Dubai International Cricket Stadium,Peshawar Zalmi,Multan Sultans,Peshawar Zalmi,field,Multan Sultans,runs,19,Sohaib Maqsood,Asif Yaqoob,Aleem Dar,Shozab Raza,Mohammed Anees
1128834,2018,07/03/2018,Dubai,Dubai International Cricket Stadium,Multan Sultans,Quetta Gladiators,Quetta Gladiators,field,Quetta Gladiators,wickets,2,Umar Gul,RT Robinson,Aleem Dar,Ahmed Shahab,Mohammed Anees
1128835,2018,08/03/2018,Dubai,Dubai International Cricket Stadium,Islamabad United,Lahore Qalandars,Islamabad United,field,Islamabad United,wickets,6,L Ronchi,RT Robinson,Aleem Dar,Rashid Riaz,Mohammed Anees
1128836,2018,08/03/2018,Dubai,Dubai International Cricket Stadium,Karachi Kings,Quetta Gladiators,Karachi Kings,field,Quetta Gladiators,runs,67,SR Watson,Asif Yaqoob,Shozab Raza,Ahmed Shahab,RS Mahanama
1128837,2018,09/03/2018,Dubai,Dubai International Cricket Stadium,Multan Sultans,Lahore Qalandars,Multan Sultans,bat,Lahore Qalandars,wickets,6,Shaheen Shah Afridi,Asif Yaqoob,RT Robinson,Shozab Raza,Mohammed Anees
1128838,2018,09/03/2018,Dubai,Dubai International Cricket Stadium,Peshawar Zalmi,Islamabad United,Peshawar Zalmi,field,Islamabad United,runs,26,JP Duminy,Ahmed Shahab,Aleem Dar,Rashid Riaz,RS Mahanama
1128839,2018,10/03/2018,Dubai,Dubai International Cricket Stadium,Multan Sultans,Karachi Kings,Multan Sultans,field,Karachi Kings,runs,63,Shahid Afridi,Asif Yaqoob,Aleem Dar,Shozab Raza,Mohammed Anees
1128840,2018,10/03/2018,Dubai,Dubai International Cricket Stadium,Peshawar Zalmi,Quetta Gladiators,Quetta Gladiators,field,Quetta Gladiators,wickets,6,Sarfraz Ahmed,Ahmed Shahab,RT Robinson,Rashid Riaz,RS Mahanama
1128841,2018,11/03/2018,Dubai,Dubai International Cricket Stadium,Karachi Kings,Lahore Qalandars,Lahore Qalandars,field,No Result,,0,Agha Salman,RT Robinson,Aleem Dar,,RS Mahanama
1128842,2018,13/03/2018,Sharjah,Sharjah Cricket Stadium,Multan Sultans,Islamabad United,Multan Sultans,field,Islamabad United,runs,33,L Ronchi,Aleem Dar,Rashid Riaz,Ahmed Shahab,Mohammed Anees
1128843,2018,14/03/2018,Sharjah,Sharjah Cricket Stadium,Quetta Gladiators,Lahore Qalandars,Quetta Gladiators,field,Lahore Qalandars,runs,17,Fakhar Zaman,RT Robinson,Rashid Riaz,Shozab Raza,RS Mahanama
1128844,2018,15/03/2018,Sharjah,Sharjah Cricket Stadium,Peshawar Zalmi,Karachi Kings,Peshawar Zalmi,bat,Peshawar Zalmi,runs,44,Kamran Akmal,Ahmed Shahab,Shozab Raza,Asif Yaqoob,Mohammed Anees
1128845,2018,15/03/2018,Sharjah,Sharjah Cricket Stadium,Quetta Gladiators,Islamabad United,Quetta Gladiators,bat,Islamabad United,wickets,6,JP Duminy,Aleem Dar,Khalid Mahmood,Rashid Riaz,RS Mahanama
1128846,2018,16/03/2018,Sharjah,Sharjah Cricket Stadium,Peshawar Zalmi,Lahore Qalandars,Lahore Qalandars,bat,Peshawar Zalmi,wickets,7,Kamran Akmal,Shozab Raza,Rashid Riaz,Asif Yaqoob,Mohammed Anees
1128847,2018,16/03/2018,Sharjah,Sharjah Cricket Stadium,Islamabad United,Karachi Kings,Karachi Kings,field,Karachi Kings,wickets,7,Usman Shinwari,Aleem Dar,Khalid Mahmood,Ahmed Shahab,RS Mahanama
1128848,2018,18/03/2018,Dubai,Dubai International Cricket Stadium,Islamabad United,Karachi Kings,Karachi Kings,bat,Islamabad United,wickets,8,L Ronchi,Aleem Dar,Rashid Riaz,Shozab Raza,
1128849,2018,20/03/2018,Lahore,"Gaddafi Stadium, Lahore",Peshawar Zalmi,Quetta Gladiators,Quetta Gladiators,field,Peshawar Zalmi,runs,1,Hasan Ali,Aleem Dar,Rashid Riaz,Ahmed Shahab,Mohammed Anees
1128850,2018,21/03/2018,Lahore,"Gaddafi Stadium, Lahore",Karachi Kings,Peshawar Zalmi,Karachi Kings,field,Peshawar Zalmi,runs,13,Kamran Akmal,Shozab Raza,Aleem Dar,Asif Yaqoob,Mohammed Anees
1128851,2018,25/03/2018,Karachi,"National Stadium, Karachi",Islamabad United,Peshawar Zalmi,Peshawar Zalmi,bat,Islamabad United,wickets,3,L Ronchi,Shozab Raza,Aleem Dar,,RS Mahanama
1168820,2019,14/02/2019,Dubai,Dubai International Cricket Stadium,Islamabad United,Lahore Qalandars,Islamabad United,field,Islamabad United,wickets,5,Faheem Ashraf,RK Illingworth,Rashid Riaz,Shozab Raza,RS Mahanama
1168821,2019,15/02/2019,Dubai,Dubai International Cricket Stadium,Karachi Kings,Multan Sultans,Karachi Kings,bat,Karachi Kings,runs,7,LS Livingstone,REJ Martinesz,MA Gough,Asif Yaqoob,
1168822,2019,15/02/2019,Dubai,Dubai International Cricket Stadium,Peshawar Zalmi,Quetta Gladiators,Quetta Gladiators,field,Quetta Gladiators,wickets,6,Umar Akmal,Shozab Raza,RK Illingworth,Rashid Riaz,RS Mahanama
1168823,2019,16/02/2019,Dubai,Dubai International Cricket Stadium,Islamabad United,Multan Sultans,Multan Sultans,field,Multan Sultans,wickets,5,Ali Shafiq,REJ Martinesz,Asif Yaqoob,MA Gough,
1168824,2019,16/02/2019,Dubai,Dubai International Cricket Stadium,Karachi Kings,Lahore Qalandars,Karachi Kings,field,Lahore Qalandars,runs,22,Haris Rauf,Shozab Raza,RK Illingworth,Rashid Riaz,RS Mahanama
1168825,2019,17/02/2019,Dubai,Dubai International Cricket Stadium,Islamabad United,Quetta Gladiators,Quetta Gladiators,field,Quetta Gladiators,wickets,7,SR Watson,REJ Martinesz,Asif Yaqoob,MA Gough,Mohammed Anees
1168826,2019,17/02/2019,Dubai,Dubai International Cricket Stadium,Lahore Qalandars,Peshawar Zalmi,Peshawar Zalmi,field,Peshawar Zalmi,wickets,7,Hasan Ali,RK Illingworth,Rashid Riaz,Shozab Raza,RS Mahanama
1168827,2019,20/02/2019,Sharjah,Sharjah Cricket Stadium,Multan Sultans,Quetta Gladiators,Quetta Gladiators,field,Quetta Gladiators,wickets,8,SR Watson,Asif Yaqoob,Shozab Raza,Rashid Riaz,Mohammed Anees
1168828,2019,21/02/2019,Sharjah,Sharjah Cricket Stadium,Karachi Kings,Peshawar Zalmi,Karachi Kings,field,Peshawar Zalmi,runs,44,Imam-ul-Haq,RK Illingworth,Rashid Riaz,Asif Yaqoob,Mohammed Anees
1168829,2019,22/02/2019,Sharjah,Sharjah Cricket Stadium,Lahore Qalandars,Multan Sultans,Lahore Qalandars,field,Lahore Qalandars,wickets,6,AB de Villiers,REJ Martinesz,Shozab Raza,Rashid Riaz,RS Mahanama
1168830,2019,22/02/2019,Sharjah,Sharjah Cricket Stadium,Islamabad United,Peshawar Zalmi,Peshawar Zalmi,field,Islamabad United,runs,12,Mohammad Sami,MA Gough,RK Illingworth,Asif Yaqoob,Mohammed Anees
1168831,2019,23/02/2019,Sharjah,Sharjah Cricket Stadium,Lahore Qalandars,Quetta Gladiators,Quetta Gladiators,field,Quetta Gladiators,wickets,3,Sarfraz Ahmed,REJ Martinesz,Shozab Raza,Rashid Riaz,RS Mahanama
1168832,2019,23/02/2019,Sharjah,Sharjah Cricket Stadium,Islamabad United,Karachi Kings,Islamabad United,field,Islamabad United,wickets,7,L Ronchi,Asif Yaqoob,RK Illingworth,MA Gough,Mohammed Anees
1168833,2019,24/02/2019,Sharjah,Sharjah Cricket Stadium,Multan Sultans,Peshawar Zalmi,Peshawar Zalmi,field,Peshawar Zalmi,wickets,5,Hasan Ali,REJ Martinesz,Shozab Raza,Rashid Riaz,RS Mahanama
1168834,2019,24/02/2019,Sharjah,Sharjah Cricket Stadium,Karachi Kings,Quetta Gladiators,Karachi Kings,field,Karachi Kings,wickets,6,CA Ingram,RK Illingworth,Ahsan Raza,Asif Yaqoob,Mohammed Anees
1168835,2019,26/02/2019,Dubai,Dubai International Cricket Stadium,Islamabad United,Multan Sultans,Multan Sultans,field,Multan Sultans,wickets,6,DT Christian,RK Illingworth,Ahsan Raza,Asif Yaqoob,RS Mahanama
1168836,2019,27/02/2019,Dubai,Dubai International Cricket Stadium,Lahore Qalandars,Quetta Gladiators,Lahore Qalandars,field,Lahore Qalandars,wickets,8,,REJ Martinesz,Shozab Raza,Asif Yaqoob,Mohammed Anees
1168837,2019,27/02/2019,Dubai,Dubai International Cricket Stadium,Islamabad United,Karachi Kings,Islamabad United,field,Islamabad United,wickets,5,Asif Ali,RK Illingworth,Ahsan Raza,Rashid Riaz,RS Mahanama
1168838,2019,28/02/2019,Dubai,Dubai International Cricket Stadium,Multan Sultans,Peshawar Zalmi,Peshawar Zalmi,field,Peshawar Zalmi,wickets,7,KA Pollard,REJ Martinesz,Asif Yaqoob,Shozab Raza,Mohammed Anees
1168839,2019,28/02/2019,Dubai,Dubai International Cricket Stadium,Karachi Kings,Lahore Qalandars,Karachi Kings,field,Karachi Kings,wickets,5,Iftikhar Ahmed,RK Illingworth,Rashid Riaz,Ahsan Raza,RS Mahanama
1168840,2019,01/03/2019,Dubai,Dubai International Cricket Stadium,Islamabad United,Peshawar Zalmi,Peshawar Zalmi,field,Peshawar Zalmi,wickets,4,LA Dawson,REJ Martinesz,Shozab Raza,Asif Yaqoob,Mohammed Anees
1168841,2019,01/03/2019,Dubai,Dubai International Cricket Stadium,Multan Sultans,Quetta Gladiators,Quetta Gladiators,field,Quetta Gladiators,wickets,6,DJ Bravo,RK Illingworth,Ahsan Raza,Rashid Riaz,RS Mahanama
1168842,2019,04/03/2019,Abu Dhabi,"Sheikh Zayed Stadium, Abu Dhabi",Peshawar Zalmi,Quetta Gladiators,Quetta Gladiators,field,Quetta Gladiators,wickets,8,SR Watson,REJ Martinesz,Asif Yaqoob,Ahsan Raza,Mohammed Anees
1168843,2019,04/03/2019,Abu Dhabi,"Sheikh Zayed Stadium, Abu Dhabi",Karachi Kings,Multan Sultans,Karachi Kings,field,Karachi Kings,wickets,5,Usman Shinwari,Shozab Raza,RK Illingworth,Rashid Riaz,Muhammad Javed
1168844,2019,05/03/2019,Abu Dhabi,"Sheikh Zayed Stadium, Abu Dhabi",Lahore Qalandars,Peshawar Zalmi,Peshawar Zalmi,field,Peshawar Zalmi,wickets,4,Misbah-ul-Haq,Asif Yaqoob,Ahsan Raza,REJ Martinesz,Mohammed Anees
1168845,2019,05/03/2019,Abu Dhabi,"Sheikh Zayed Stadium, Abu Dhabi",Islamabad United,Quetta Gladiators,Islamabad United,field,Quetta Gladiators,runs,43,Ahmed Shehzad,RK Illingworth,Rashid Riaz,Shozab Raza,Muhammad Javed
1168846,2019,11/03/2019,Karachi,"National Stadium, Karachi",Karachi Kings,Peshawar Zalmi,Karachi Kings,field,Peshawar Zalmi,runs,61,Kamran Akmal,REJ Martinesz,Ahsan Raza,Asif Yaqoob,Mohammed Anees
1168847,2019,09/03/2019,Karachi,"National Stadium, Karachi",Lahore Qalandars,Islamabad United,Lahore Qalandars,field,Islamabad United,runs,49,CS Delport,MA Gough,Shozab Raza,Rashid Riaz,Muhammad Javed
1168848,2019,10/03/2019,Karachi,"National Stadium, Karachi",Karachi Kings,Quetta Gladiators,Quetta Gladiators,field,Karachi Kings,runs,1,Usman Shinwari,REJ Martinesz,Asif Yaqoob,Ahsan Raza,Mohammed Anees
1168849,2019,11/03/2019,Karachi,"National Stadium, Karachi",Lahore Qalandars,Multan Sultans,Multan Sultans,field,Multan Sultans,wickets,7,Mohammad Abbas,MA Gough,Rashid Riaz,Shozab Raza,Muhammad Javed
1168850,2019,14/03/2019,Karachi,"National Stadium, Karachi",Islamabad United,Karachi Kings,Karachi Kings,bat,Islamabad United,wickets,4,AD Hales,Shozab Raza,MA Gough,Rashid Riaz,Mohammed Anees
1168851,2019,13/03/2019,Karachi,"National Stadium, Karachi",Peshawar Zalmi,Quetta Gladiators,Peshawar Zalmi,field,Quetta Gladiators,runs,10,SR Watson,REJ Martinesz,Ahsan Raza,Asif Yaqoob,RS Mahanama
1168852,2019,15/03/2019,Karachi,"National Stadium, Karachi",Islamabad United,Peshawar Zalmi,Islamabad United,field,Peshawar Zalmi,runs,48,Kamran Akmal,REJ Martinesz,Ahsan Raza,Asif Yaqoob,RS Mahanama
1168853,2019,17/03/2019,Karachi,"National Stadium, Karachi",Quetta Gladiators,Peshawar Zalmi,Quetta Gladiators,field,Quetta Gladiators,wickets,8,Mohammad Hasnain,REJ Martinesz,Ahsan Raza,Shozab Raza,RS Mahanama
1211642,2020,20/02/2020,Karachi,"National Stadium, Karachi",Islamabad United,Quetta Gladiators,Quetta Gladiators,field,Quetta Gladiators,wickets,3,Mohammad Hasnain,RK Illingworth,Faisal Afridi,Imtiaz Iqbal,RS Mahanama
1211643,2020,21/02/2020,Karachi,"National Stadium, Karachi",Karachi Kings,Peshawar Zalmi,Peshawar Zalmi,field,Karachi Kings,runs,10,Babar Azam,RK Illingworth,Faisal Afridi,Asif Yaqoob,RS Mahanama
1211644,2020,21/02/2020,Lahore,"Gaddafi Stadium, Lahore",Lahore Qalandars,Multan Sultans,Multan Sultans,field,Multan Sultans,wickets,5,Imran Tahir,REJ Martinesz,Rashid Riaz,Shozab Raza,Mohammed Anees
1211645,2020,22/02/2020,Karachi,"National Stadium, Karachi",Peshawar Zalmi,Quetta Gladiators,Peshawar Zalmi,field,Peshawar Zalmi,wickets,6,Kamran Akmal,RK Illingworth,Faisal Afridi,Asif Yaqoob,RS Mahanama
1211646,2020,22/02/2020,Lahore,"Gaddafi Stadium, Lahore",Islamabad United,Multan Sultans,Islamabad United,field,Islamabad United,wickets,8,L Ronchi,REJ Martinesz,Shozab Raza,Rashid Riaz,Mohammed Anees
1211647,2020,23/02/2020,Karachi,"National Stadium, Karachi",Karachi Kings,Quetta Gladiators,Karachi Kings,bat,Quetta Gladiators,wickets,5,Azam Khan,RK Illingworth,Faisal Afridi,Asif Yaqoob,RS Mahanama
1211648,2020,23/02/2020,Lahore,"Gaddafi Stadium, Lahore",Lahore Qalandars,Islamabad United,Islamabad United,field,Islamabad United,wickets,1,Shadab Khan,REJ Martinesz,Rashid Riaz,Shozab Raza,Mohammed Anees
1211649,2020,26/02/2020,Multan,"Multan Cricket Stadium, Multan",Multan Sultans,Peshawar Zalmi,Multan Sultans,field,Multan Sultans,wickets,6,Sohail Tanvir,Asif Yaqoob,Faisal Afridi,Shozab Raza,Muhammad Javed
1211650,2020,27/02/2020,Rawalpindi,"Pindi Cricket Stadium, Rawalpindi",Islamabad United,Quetta Gladiators,Quetta Gladiators,field,Quetta Gladiators,wickets,5,BCJ Cutting,REJ Martinesz,Tariq Rasheed,Rashid Riaz,RS Mahanama
1211651,2020,28/02/2020,Multan,"Multan Cricket Stadium, Multan",Multan Sultans,Karachi Kings,Karachi Kings,field,Multan Sultans,runs,52,MM Ali,Shozab Raza,Faisal Afridi,Asif Yaqoob,Muhammad Javed
1211652,2020,28/02/2020,Rawalpindi,"Pindi Cricket Stadium, Rawalpindi",Lahore Qalandars,Peshawar Zalmi,Lahore Qalandars,field,Peshawar Zalmi,runs,16,L Gregory,REJ Martinesz,Tariq Rasheed,Rashid Riaz,
1211653,2020,29/02/2020,Multan,"Multan Cricket Stadium, Multan",Multan Sultans,Quetta Gladiators,Multan Sultans,bat,Multan Sultans,runs,30,RR Rossouw,Asif Yaqoob,Faisal Afridi,Shozab Raza,Muhammad Javed
1211655,2020,01/03/2020,Rawalpindi,"Pindi Cricket Stadium, Rawalpindi",Islamabad United,Karachi Kings,Karachi Kings,field,Karachi Kings,wickets,5,AD Hales,REJ Martinesz,Tariq Rasheed,Rashid Riaz,Mohammed Anees
1211656,2020,02/03/2020,Rawalpindi,"Pindi Cricket Stadium, Rawalpindi",Karachi Kings,Peshawar Zalmi,Karachi Kings,field,Karachi Kings,wickets,6,Mohammad Amir,REJ Martinesz,Tariq Rasheed,Rashid Riaz,RS Mahanama
1211657,2020,03/03/2020,Lahore,"Gaddafi Stadium, Lahore",Lahore Qalandars,Quetta Gladiators,Quetta Gladiators,field,Lahore Qalandars,runs,37,BR Dunk,Shozab Raza,Faisal Afridi,Asif Yaqoob,Mohammed Anees
1211658,2020,04/03/2020,Lahore,"Gaddafi Stadium, Lahore",Lahore Qalandars,Islamabad United,Lahore Qalandars,field,Islamabad United,runs,71,C Munro,Asif Yaqoob,Shozab Raza,Faisal Afridi,Aziz-ur-Rehman
1211659,2020,05/03/2020,Rawalpindi,"Pindi Cricket Stadium, Rawalpindi",Peshawar Zalmi,Quetta Gladiators,Quetta Gladiators,field,Peshawar Zalmi,runs,30,Shoaib Malik,REJ Martinesz,Tariq Rasheed,Rashid Riaz,RS Mahanama
1211660,2020,06/03/2020,Lahore,"Gaddafi Stadium, Lahore",Karachi Kings,Multan Sultans,Karachi Kings,field,No Result,,0,,Shozab Raza,MA Gough,Asif Yaqoob,Aziz-ur-Rehman
1211661,2020,07/03/2020,Rawalpindi,"Pindi Cricket Stadium, Rawalpindi",Islamabad United,Peshawar Zalmi,Peshawar Zalmi,field,Peshawar Zalmi,runs,7,Shadab Khan,Tariq Rasheed,Rashid Riaz,REJ Martinesz,RS Mahanama
1211662,2020,07/03/2020,Lahore,"Gaddafi Stadium, Lahore",Lahore Qalandars,Quetta Gladiators,Lahore Qalandars,field,Lahore Qalandars,wickets,8,SR Patel,Asif Yaqoob,MA Gough,Shozab Raza,Aziz-ur-Rehman
1211663,2020,08/03/2020,Rawalpindi,"Pindi Cricket Stadium, Rawalpindi",Islamabad United,Multan Sultans,Multan Sultans,field,Multan Sultans,wickets,9,JM Vince,REJ Martinesz,Tariq Rasheed,Rashid Riaz,RS Mahanama
1211664,2020,08/03/2020,Lahore,"Gaddafi Stadium, Lahore",Lahore Qalandars,Karachi Kings,Lahore Qalandars,field,Lahore Qalandars,wickets,8,BR Dunk,Shozab Raza,MA Gough,Asif Yaqoob,Mohammed Anees
1211665,2020,10/03/2020,Lahore,"Gaddafi Stadium, Lahore",Lahore Qalandars,Peshawar Zalmi,Lahore Qalandars,field,Lahore Qalandars,wickets,5,Fakhar Zaman,MA Gough,Aleem Dar,Asif Yaqoob,
1211667,2020,12/03/2020,Karachi,"National Stadium, Karachi",Karachi Kings,Lahore Qalandars,Karachi Kings,field,Karachi Kings,wickets,10,Sharjeel Khan,MA Gough,Ahsan Raza,Rashid Riaz,RS Mahanama
1211668,2020,13/03/2020,Karachi,"National Stadium, Karachi",Multan Sultans,Peshawar Zalmi,Peshawar Zalmi,field,Multan Sultans,runs,3,Zeeshan Ashraf,MA Gough,Rashid Riaz,Ahsan Raza,RS Mahanama
1211669,2020,14/03/2020,Karachi,"National Stadium, Karachi",Karachi Kings,Islamabad United,Karachi Kings,field,Karachi Kings,wickets,4,Sharjeel Khan,MA Gough,Ahsan Raza,Rashid Riaz,RS Mahanama
1211670,2020,15/03/2020,Lahore,"Gaddafi Stadium, Lahore",Lahore Qalandars,Multan Sultans,Lahore Qalandars,field,Lahore Qalandars,wickets,9,CA Lynn,Shozab Raza,Aleem Dar,Asif Yaqoob,
1211671,2020,15/03/2020,Karachi,"National Stadium, Karachi",Karachi Kings,Quetta Gladiators,Karachi Kings,bat,Quetta Gladiators,wickets,5,SR Watson,MA Gough,Rashid Riaz,Ahsan Raza,RS Mahanama
1211672,2021,14/11/2020,Karachi,"National Stadium, Karachi",Multan Sultans,Karachi Kings,Karachi Kings,field,No Result,,0,Babar Azam,MA Gough,Rashid Riaz,Asif Yaqoob,Mohammed Anees
1211673,2021,14/11/2020,Karachi,"National Stadium, Karachi",Peshawar Zalmi,Lahore Qalandars,Lahore Qalandars,field,Lahore Qalandars,wickets,5,Mohammad Hafeez,Shozab Raza,Aleem Dar,Ahsan Raza,Muhammad Javed
1211675,2021,15/11/2020,Karachi,"National Stadium, Karachi",Lahore Qalandars,Multan Sultans,Multan Sultans,field,Lahore Qalandars,runs,25,D Wiese,MA Gough,Aleem Dar,Shozab Raza,Mohammed Anees
1231146,2021,17/11/2020,Karachi,"National Stadium, Karachi",Lahore Qalandars,Karachi Kings,Lahore Qalandars,bat,Karachi Kings,wickets,5,Babar Azam,MA Gough,Aleem Dar,Ahsan Raza,Mohammed Anees
1247011,2021,20/02/2021,Karachi,"National Stadium, Karachi",Quetta Gladiators,Karachi Kings,Karachi Kings,field,Karachi Kings,wickets,7,Arshad Iqbal,Ahsan Raza,Aleem Dar,Rashid Riaz,RS Mahanama
1247012,2021,21/02/2021,Karachi,"National Stadium, Karachi",Peshawar Zalmi,Lahore Qalandars,Lahore Qalandars,field,Lahore Qalandars,wickets,4,Shaheen Shah Afridi,Rashid Riaz,Shozab Raza,Zameer Haider,Iftikhar Ahmed
1247013,2021,21/02/2021,Karachi,"National Stadium, Karachi",Multan Sultans,Islamabad United,Islamabad United,field,Islamabad United,wickets,3,L Gregory,Ahsan Raza,RK Illingworth,Aleem Dar,RS Mahanama
1247014,2021,22/02/2021,Karachi,"National Stadium, Karachi",Quetta Gladiators,Lahore Qalandars,Lahore Qalandars,field,Lahore Qalandars,wickets,9,Fakhar Zaman,Aleem Dar,Asif Yaqoob,Rashid Riaz,Ali Naqvi
1247015,2021,23/02/2021,Karachi,"National Stadium, Karachi",Multan Sultans,Peshawar Zalmi,Peshawar Zalmi,field,Peshawar Zalmi,wickets,6,T Kohler-Cadmore,Aleem Dar,RK Illingworth,Asif Yaqoob,RS Mahanama
1247016,2021,24/02/2021,Karachi,"National Stadium, Karachi",Karachi Kings,Islamabad United,Islamabad United,field,Islamabad United,wickets,5,AD Hales,Aleem Dar,Rashid Riaz,RK Illingworth,Ali Naqvi
1247017,2021,26/02/2021,Karachi,"National Stadium, Karachi",Lahore Qalandars,Multan Sultans,Multan Sultans,field,Multan Sultans,wickets,7,Mohammad Rizwan,Ahsan Raza,Faisal Afridi,Shozab Raza,RS Mahanama
1247018,2021,26/02/2021,Karachi,"National Stadium, Karachi",Quetta Gladiators,Peshawar Zalmi,Peshawar Zalmi,field,Peshawar Zalmi,wickets,3,Haider Ali,Asif Yaqoob,RK Illingworth,Rashid Riaz,Iftikhar Ahmed
1247019,2021,27/02/2021,Karachi,"National Stadium, Karachi",Multan Sultans,Karachi Kings,Karachi Kings,field,Karachi Kings,wickets,7,Babar Azam,Rashid Riaz,RK Illingworth,Ahsan Raza,RS Mahanama
1247020,2021,27/02/2021,Karachi,"National Stadium, Karachi",Islamabad United,Peshawar Zalmi,Peshawar Zalmi,field,Peshawar Zalmi,wickets,6,Wahab Riaz,Asif Yaqoob,Shozab Raza,Zameer Haider,Ali Naqvi
1247021,2021,28/02/2021,Karachi,"National Stadium, Karachi",Karachi Kings,Lahore Qalandars,Lahore Qalandars,field,Lahore Qalandars,wickets,6,Shaheen Shah Afridi,Ahsan Raza,RK Illingworth,Rashid Riaz,RS Mahanama
1247022,2021,02/03/2021,Karachi,"National Stadium, Karachi",Quetta Gladiators,Islamabad United,Islamabad United,field,Islamabad United,wickets,6,Faheem Ashraf,Ahsan Raza,Shozab Raza,Asif Yaqoob,Ali Naqvi
1247023,2021,03/03/2021,Karachi,"National Stadium, Karachi",Peshawar Zalmi,Karachi Kings,Karachi Kings,field,Karachi Kings,wickets,6,Mohammad Nabi,Imran Javed,Rashid Riaz,Ahsan Raza,Iftikhar Ahmed
1247024,2021,03/03/2021,Karachi,"National Stadium, Karachi",Quetta Gladiators,Multan Sultans,Multan Sultans,field,Quetta Gladiators,runs,22,Qais Ahmad,Asif Yaqoob,Faisal Afridi,RK Illingworth,RS Mahanama
1247025,2021,10/06/2021,Abu Dhabi,"Sheikh Zayed Stadium, Abu Dhabi",Multan Sultans,Karachi Kings,Karachi Kings,field,Multan Sultans,runs,12,RR Rossouw,Aleem Dar,Shozab Raza,Rashid Riaz,Ali Naqvi
1247026,2021,10/06/2021,Abu Dhabi,"Sheikh Zayed Stadium, Abu Dhabi",Lahore Qalandars,Peshawar Zalmi,Peshawar Zalmi,field,Lahore Qalandars,runs,10,Rashid Khan,Asif Yaqoob,Rashid Riaz,Ahsan Raza,Ali Naqvi
1247027,2021,09/06/2021,Abu Dhabi,"Sheikh Zayed Stadium, Abu Dhabi",Islamabad United,Lahore Qalandars,Lahore Qalandars,field,Lahore Qalandars,wickets,5,Rashid Khan,Aleem Dar,Rashid Riaz,Shozab Raza,Mohammad Anees
1247028,2021,11/06/2021,Abu Dhabi,"Sheikh Zayed Stadium, Abu Dhabi",Quetta Gladiators,Islamabad United,Islamabad United,field,Islamabad United,wickets,10,C Munro,Aleem Dar,Shozab Raza,Rashid Riaz,Muhammad Javed
1247029,2021,13/06/2021,Abu Dhabi,"Sheikh Zayed Stadium, Abu Dhabi",Islamabad United,Lahore Qalandars,Islamabad United,bat,Islamabad United,runs,28,Asif Ali,Asif Yaqoob,Shozab Raza,Ahsan Raza,
1247030,2021,12/06/2021,Abu Dhabi,"Sheikh Zayed Stadium, Abu Dhabi",Peshawar Zalmi,Quetta Gladiators,Quetta Gladiators,field,Peshawar Zalmi,runs,61,DA Miller,Ahsan Raza,Shozab Raza,Aleem Dar,Mohammed Anees
1247031,2021,13/06/2021,Abu Dhabi,"Sheikh Zayed Stadium, Abu Dhabi",Peshawar Zalmi,Multan Sultans,Multan Sultans,field,Multan Sultans,wickets,8,Shahnawaz Dhani,Ahsan Raza,Aleem Dar,Asif Yaqoob,
1247032,2021,14/06/2021,Abu Dhabi,"Sheikh Zayed Stadium, Abu Dhabi",Karachi Kings,Islamabad United,Islamabad United,field,Islamabad United,wickets,8,Iftikhar Ahmed,Asif Yaqoob,Rashid Riaz,Shozab Raza,Ali Naqvi
1247033,2021,15/06/2021,Abu Dhabi,"Sheikh Zayed Stadium, Abu Dhabi",Quetta Gladiators,Lahore Qalandars,Lahore Qalandars,field,Quetta Gladiators,runs,18,Usman Shinwari,Aleem Dar,Rashid Riaz,Shozab Raza,Mohammad Anees
1247034,2021,15/06/2021,Abu Dhabi,"Sheikh Zayed Stadium, Abu Dhabi",Karachi Kings,Peshawar Zalmi,Peshawar Zalmi,field,Peshawar Zalmi,wickets,6,Hazratullah,Ahsan Raza,Shozab Raza,Rashid Riaz,Mohammad Anees
1247035,2021,16/06/2021,Abu Dhabi,"Sheikh Zayed Stadium, Abu Dhabi",Multan Sultans,Quetta Gladiators,Quetta Gladiators,field,Multan Sultans,runs,110,Shan Masood,Aleem Dar,Shozab Raza,Asif Yaqoob,
1247036,2021,17/06/2021,Abu Dhabi,"Sheikh Zayed Stadium, Abu Dhabi",Islamabad United,Peshawar Zalmi,Peshawar Zalmi,field,Islamabad United,runs,15,UT Khawaja,Rashid Riaz,Shozab Raza,Ahsan Raza,Mohammad Anees
1247037,2021,17/06/2021,Abu Dhabi,"Sheikh Zayed Stadium, Abu Dhabi",Karachi Kings,Lahore Qalandars,Karachi Kings,bat,Karachi Kings,runs,7,Noor Ahmad,Ahsan Raza,Asif Yaqoob,Aleem Dar,Mohammad Anees
1247038,2021,18/06/2021,Abu Dhabi,"Sheikh Zayed Stadium, Abu Dhabi",Multan Sultans,Lahore Qalandars,Lahore Qalandars,field,Multan Sultans,runs,80,Shahnawaz Dhani,Aleem Dar,Shozab Raza,Asif Yaqoob,Muhammad Javed
1247039,2021,19/06/2021,Abu Dhabi,"Sheikh Zayed Stadium, Abu Dhabi",Karachi Kings,Quetta Gladiators,Karachi Kings,bat,Karachi Kings,runs,14,Danish Aziz,Asif Yaqoob,Shozab Raza,Ahsan Raza,Muhammad Javed
1247040,2021,19/06/2021,Abu Dhabi,"Sheikh Zayed Stadium, Abu Dhabi",Multan Sultans,Islamabad United,Islamabad United,field,Islamabad United,wickets,4,Mohammad Wasim,Aleem Dar,Rashid Riaz,Asif Yaqoob,Muhammad Javed
1247041,2021,21/06/2021,Abu Dhabi,"Sheikh Zayed Stadium, Abu Dhabi",Multan Sultans,Islamabad United,Multan Sultans,bat,Multan Sultans,runs,31,Sohail Tanvir,Ahsan Raza,Rashid Riaz,Aleem Dar,Muhammad Javed
1247042,2021,21/06/2021,Abu Dhabi,"Sheikh Zayed Stadium, Abu Dhabi",Karachi Kings,Peshawar Zalmi,Peshawar Zalmi,field,Peshawar Zalmi,wickets,5,Hazratullah,Aleem Dar,Shozab Raza,Asif Yaqoob,Muhammad Javed
1247043,2021,22/06/2021,Abu Dhabi,"Sheikh Zayed Stadium, Abu Dhabi",Islamabad United,Peshawar Zalmi,Peshawar Zalmi,field,Peshawar Zalmi,wickets,8,Hazratullah,Aleem Dar,Asif Yaqoob,Rashid Riaz,Mohammad Anees
1247044,2021,24/06/2021,Abu Dhabi,"Sheikh Zayed Stadium, Abu Dhabi",Multan Sultans,Peshawar Zalmi,Peshawar Zalmi,field,Multan Sultans,runs,47,Sohaib Maqsood,Ahsan Raza,Aleem Dar,Asif Yaqoob,Mohammad Anees
1293000,2022,27/01/2022,Karachi,"National Stadium, Karachi",Karachi Kings,Multan Sultans,Multan Sultans,field,Multan Sultans,wickets,7,Imran Tahir,Aleem Dar,RK Illingworth,,Muhammad Javed
1293001,2022,28/01/2022,Karachi,"National Stadium, Karachi",Quetta Gladiators,Peshawar Zalmi,Peshawar Zalmi,field,Peshawar Zalmi,wickets,5,WCF Smeed,Ahsan Raza,MA Gough,Shozab Raza,Muhammad Javed
1293002,2022,29/01/2022,Karachi,"National Stadium, Karachi",Lahore Qalandars,Multan Sultans,Multan Sultans,field,Multan Sultans,wickets,5,Shan Masood,Ahsan Raza,RK Illingworth,Faisal Afridi,Muhammad Javed
1293003,2022,29/01/2022,Karachi,"National Stadium, Karachi",Karachi Kings,Quetta Gladiators,Quetta Gladiators,field,Quetta Gladiators,wickets,8,Naseem Shah,MA Gough,Shozab Raza,Aleem Dar,RS Madugalle
1293004,2022,30/01/2022,Karachi,"National Stadium, Karachi",Peshawar Zalmi,Islamabad United,Islamabad United,field,Islamabad United,wickets,9,PR Stirling,Ahsan Raza,Aleem Dar,Shozab Raza,Muhammad Javed
1293005,2022,30/01/2022,Karachi,"National Stadium, Karachi",Karachi Kings,Lahore Qalandars,Lahore Qalandars,field,Lahore Qalandars,wickets,6,Fakhar Zaman,MA Gough,RK Illingworth,Ahsan Raza,RS Madugalle
1293006,2022,31/01/2022,Karachi,"National Stadium, Karachi",Multan Sultans,Quetta Gladiators,Quetta Gladiators,field,Multan Sultans,runs,6,Shan Masood,Ahsan Raza,Aleem Dar,Shozab Raza,Muhammad Javed
1293007,2022,01/02/2022,Karachi,"National Stadium, Karachi",Multan Sultans,Islamabad United,Islamabad United,field,Multan Sultans,runs,20,TH David,MA Gough,Shozab Raza,Ahsan Raza,Iftikhar Ahmed
1293008,2022,02/02/2022,Karachi,"National Stadium, Karachi",Lahore Qalandars,Peshawar Zalmi,Peshawar Zalmi,field,Lahore Qalandars,runs,29,Zaman Khan,Aleem Dar,Shozab Raza,Ahsan Raza,Ali Naqvi
1293009,2022,03/02/2022,Karachi,"National Stadium, Karachi",Islamabad United,Quetta Gladiators,Quetta Gladiators,field,Islamabad United,runs,43,C Munro,Imtiaz Iqbal,RK Illingworth,Shozab Raza,RS Madugalle
1293010,2022,04/02/2022,Karachi,"National Stadium, Karachi",Peshawar Zalmi,Karachi Kings,Karachi Kings,field,Peshawar Zalmi,runs,9,Shoaib Malik,Aleem Dar,Shozab Raza,Ahsan Raza,Iftikhar Ahmed
1293011,2022,05/02/2022,Karachi,"National Stadium, Karachi",Lahore Qalandars,Islamabad United,Islamabad United,field,Lahore Qalandars,runs,8,Zaman Khan,MA Gough,Waleed Yaqub,Ahsan Raza,Iftikhar Ahmed
1293012,2022,05/02/2022,Karachi,"National Stadium, Karachi",Multan Sultans,Peshawar Zalmi,Peshawar Zalmi,field,Multan Sultans,runs,57,Mohammad Rizwan,RK Illingworth,Shozab Raza,Aleem Dar,Ali Naqvi
1293013,2022,06/02/2022,Karachi,"National Stadium, Karachi",Islamabad United,Karachi Kings,Islamabad United,bat,Islamabad United,runs,42,Shadab Khan,Ahsan Raza,RK Illingworth,Aleem Dar,RS Madugalle
1293014,2022,07/02/2022,Karachi,"National Stadium, Karachi",Lahore Qalandars,Quetta Gladiators,Quetta Gladiators,field,Quetta Gladiators,wickets,7,JJ Roy,MA Gough,Shozab Raza,Aleem Dar,Iftikhar Ahmed (2)
1293015,2022,10/02/2022,Lahore,"Gaddafi Stadium, Lahore",Multan Sultans,Peshawar Zalmi,Peshawar Zalmi,field,Multan Sultans,runs,42,Shan Masood,Ahsan Raza,RK Illingworth,Shozab Raza,Ali Naqvi
1293016,2022,11/02/2022,Lahore,"Gaddafi Stadium, Lahore",Lahore Qalandars,Multan Sultans,Multan Sultans,field,Lahore Qalandars,runs,52,Fakhar Zaman,Aleem Dar,MA Gough,Faisal Afridi,RS Mahanama
1293017,2022,12/02/2022,Lahore,"Gaddafi Stadium, Lahore",Islamabad United,Quetta Gladiators,Quetta Gladiators,field,Quetta Gladiators,wickets,5,Sarfraz Ahmed,Faisal Afridi,RK Illingworth,Aleem Dar,RS Madugalle
1293018,2022,13/02/2022,Lahore,"Gaddafi Stadium, Lahore",Peshawar Zalmi,Karachi Kings,Karachi Kings,field,Peshawar Zalmi,runs,55,Mohammad Haris,Faisal Afridi,Rashid Riaz,Asif Yaqoob,Ali Naqvi
1293019,2022,13/02/2022,Lahore,"Gaddafi Stadium, Lahore",Quetta Gladiators,Lahore Qalandars,Lahore Qalandars,field,Lahore Qalandars,wickets,8,Shaheen Shah Afridi,Asif Yaqoob,MA Gough,Rashid Riaz,RS Mahanama
1293020,2022,14/02/2022,Lahore,"Gaddafi Stadium, Lahore",Islamabad United,Karachi Kings,Karachi Kings,field,Islamabad United,runs,1,Asif Ali,Asif Yaqoob,RK Illingworth,Rashid Riaz,RS Madugalle
1293021,2022,15/02/2022,Lahore,"Gaddafi Stadium, Lahore",Peshawar Zalmi,Quetta Gladiators,Peshawar Zalmi,bat,Peshawar Zalmi,runs,24,Hussain Talat,MA Gough,Rashid Riaz,Asif Yaqoob,Ali Naqvi
1293022,2022,16/02/2022,Lahore,"Gaddafi Stadium, Lahore",Karachi Kings,Multan Sultans,Karachi Kings,bat,Multan Sultans,wickets,7,Mohammad Rizwan,Asif Yaqoob,RK Illingworth,Rashid Riaz,RS Madugalle
1293023,2022,17/02/2022,Lahore,"Gaddafi Stadium, Lahore",Peshawar Zalmi,Islamabad United,Peshawar Zalmi,bat,Peshawar Zalmi,runs,10,Mohammad Haris,Ahsan Raza,RK Illingworth,Asif Yaqoob,RS Madugalle
1293024,2022,18/02/2022,Lahore,"Gaddafi Stadium, Lahore",Multan Sultans,Quetta Gladiators,Multan Sultans,bat,Multan Sultans,runs,117,RR Rossouw,Aleem Dar,Rashid Riaz,Asif Yaqoob,Ali Naqvi
1293025,2022,18/02/2022,Lahore,"Gaddafi Stadium, Lahore",Karachi Kings,Lahore Qalandars,Karachi Kings,bat,Karachi Kings,runs,22,Mir Hamza,Asif Yaqoob,MA Gough,Rashid Riaz,RS Madugalle
1293026,2022,19/02/2022,Lahore,"Gaddafi Stadium, Lahore",Lahore Qalandars,Islamabad United,Lahore Qalandars,bat,Lahore Qalandars,runs,66,HC Brook,Rashid Riaz,RK Illingworth,Asif Yaqoob,RS Mahanama
1293027,2022,20/02/2022,Lahore,"Gaddafi Stadium, Lahore",Quetta Gladiators,Karachi Kings,Quetta Gladiators,bat,Quetta Gladiators,runs,23,Khurram Shahzad,Aleem Dar,Asif Yaqoob,Rashid Riaz,Ali Naqvi
1293028,2022,20/02/2022,Lahore,"Gaddafi Stadium, Lahore",Islamabad United,Multan Sultans,Islamabad United,bat,Multan Sultans,wickets,6,Imran Tahir,MA Gough,Rashid Riaz,Asif Yaqoob,RS Madugalle
1293029,2022,21/02/2022,Lahore,"Gaddafi Stadium, Lahore",Peshawar Zalmi,Lahore Qalandars,Peshawar Zalmi,bat,No Result,,0,Wahab Riaz,Asif Yaqoob,RK Illingworth,Rashid Riaz,Ali Naqvi
1293030,2022,23/02/2022,Lahore,"Gaddafi Stadium, Lahore",Multan Sultans,Lahore Qalandars,Lahore Qalandars,field,Multan Sultans,runs,28,Shahnawaz Dhani,Aleem Dar,RK Illingworth,MA Gough,RS Mahanama
1293031,2022,24/02/2022,Lahore,"Gaddafi Stadium, Lahore",Peshawar Zalmi,Islamabad United,Peshawar Zalmi,bat,Islamabad United,wickets,5,Faheem Ashraf,Aleem Dar,MA Gough,RK Illingworth,RS Madugalle
1293032,2022,25/02/2022,Lahore,"Gaddafi Stadium, Lahore",Lahore Qalandars,Islamabad United,Lahore Qalandars,bat,Lahore Qalandars,runs,6,D Wiese,MA Gough,RK Illingworth,Aleem Dar,RS Mahanama
1293033,2022,27/02/2022,Lahore,"Gaddafi Stadium, Lahore",Lahore Qalandars,Multan Sultans,Lahore Qalandars,bat,Lahore Qalandars,runs,42,Mohammad Hafeez,Aleem Dar,RK Illingworth,MA Gough,RS Mahanama
1354924,2023,13/02/2023,Multan,"Multan Cricket Stadium, Multan",Lahore Qalandars,Multan Sultans,Multan Sultans,field,Lahore Qalandars,runs,1,Fakhar Zaman,Asif Yaqoob,MJ Saggers,Faisal Afridi,Mohammed Anees
1354925,2023,14/02/2023,Karachi,"National Stadium, Karachi",Peshawar Zalmi,Karachi Kings,Karachi Kings,field,Peshawar Zalmi,runs,2,T Kohler-Cadmore,Ahsan Raza,AG Wharf,RSA Palliyaguruge,Ali Naqvi
1354926,2023,15/02/2023,Multan,"Multan Cricket Stadium, Multan",Quetta Gladiators,Multan Sultans,Multan Sultans,field,Multan Sultans,wickets,9,Ihsanullah,Asif Yaqoob,Faisal Afridi,MJ Saggers,Mohammed Anees
1354927,2023,16/02/2023,Karachi,"National Stadium, Karachi",Karachi Kings,Islamabad United,Islamabad United,field,Islamabad United,wickets,4,C Munro,AG Wharf,RSA Palliyaguruge,Ahsan Raza,Ali Naqvi
1354928,2023,17/02/2023,Multan,"Multan Cricket Stadium, Multan",Multan Sultans,Peshawar Zalmi,Peshawar Zalmi,field,Multan Sultans,runs,56,RR Rossouw,Asif Yaqoob,Faisal Afridi,MJ Saggers,Mohammed Anees
1354929,2023,18/02/2023,Karachi,"National Stadium, Karachi",Quetta Gladiators,Karachi Kings,Karachi Kings,field,Quetta Gladiators,runs,6,MJ Guptill,Ahsan Raza,AG Wharf,RSA Palliyaguruge,RS Mahanama
1354930,2023,19/02/2023,Multan,"Multan Cricket Stadium, Multan",Multan Sultans,Islamabad United,Islamabad United,field,Multan Sultans,runs,52,Abbas Afridi,Asif Yaqoob,Faisal Afridi,MJ Saggers,Mohammad Anees
1354931,2023,19/02/2023,Karachi,"National Stadium, Karachi",Karachi Kings,Lahore Qalandars,Lahore Qalandars,field,Karachi Kings,runs,67,Imad Wasim,Ahsan Raza,AG Wharf,RSA Palliyaguruge,RS Mahanama
1354932,2023,20/02/2023,Karachi,"National Stadium, Karachi",Quetta Gladiators,Peshawar Zalmi,Peshawar Zalmi,field,Peshawar Zalmi,wickets,4,JDS Neesham,AG Wharf,RSA Palliyaguruge,,Ali Naqvi
1354933,2023,21/02/2023,Karachi,"National Stadium, Karachi",Lahore Qalandars,Quetta Gladiators,Quetta Gladiators,field,Lahore Qalandars,runs,63,Shaheen Shah Afridi,AG Wharf,RSA Palliyaguruge,Ahsan Raza,RS Mahanama
1354934,2023,22/02/2023,Multan,"Multan Cricket Stadium, Multan",Multan Sultans,Karachi Kings,Karachi Kings,field,Multan Sultans,runs,3,Mohammad Rizwan,MJ Saggers,Shozab Raza,Faisal Afridi,Iftikhar Ahmed
1354935,2023,23/02/2023,Karachi,"National Stadium, Karachi",Peshawar Zalmi,Islamabad United,Islamabad United,field,Islamabad United,wickets,6,Hasan Ali,MA Gough,RK Illingworth,AG Wharf,Ali Naqvi
1354936,2023,24/02/2023,Karachi,"National Stadium, Karachi",Islamabad United,Quetta Gladiators,Islamabad United,bat,Islamabad United,runs,63,Azam Khan,MA Gough,Rashid Riaz,RK Illingworth,RS Mahanama
1354937,2023,26/02/2023,Karachi,"National Stadium, Karachi",Karachi Kings,Multan Sultans,Multan Sultans,field,Karachi Kings,runs,66,T Shamsi,Ahsan Raza,AG Wharf,MJ Saggers,Iftikhar Ahmed
1354938,2023,26/02/2023,Lahore,"Gaddafi Stadium, Lahore",Lahore Qalandars,Peshawar Zalmi,Lahore Qalandars,bat,Lahore Qalandars,runs,40,Fakhar Zaman,Faisal Afridi,RK Illingworth,MA Gough,RS Mahanama
1354939,2023,27/02/2023,Lahore,"Gaddafi Stadium, Lahore",Lahore Qalandars,Islamabad United,Lahore Qalandars,bat,Lahore Qalandars,runs,110,D Wiese,Faisal Afridi,MA Gough,RK Illingworth,RS Mahanama
1354940,2023,01/03/2023,Rawalpindi,"Pindi Cricket Stadium, Rawalpindi",Peshawar Zalmi,Karachi Kings,Karachi Kings,field,Peshawar Zalmi,runs,24,R Powell,MA Gough,RK Illingworth,Rashid Riaz,RS Mahanama
1354941,2023,02/03/2023,Lahore,"Gaddafi Stadium, Lahore",Lahore Qalandars,Quetta Gladiators,Quetta Gladiators,field,Lahore Qalandars,runs,17,Sikandar Raza,Ahsan Raza,MJ Saggers,Faisal Afridi,Muhammad Javed
1354942,2023,03/03/2023,Rawalpindi,"Pindi Cricket Stadium, Rawalpindi",Karachi Kings,Islamabad United,Karachi Kings,bat,Islamabad United,wickets,6,Azam Khan,MA Gough,RK Illingworth,Rashid Riaz,RS Mahanama
1354943,2023,04/03/2023,Lahore,"Gaddafi Stadium, Lahore",Lahore Qalandars,Multan Sultans,Lahore Qalandars,bat,Lahore Qalandars,runs,21,Rashid Khan,Faisal Afridi,MJ Saggers,Ahsan Raza,Muhammad Javed
1354944,2023,05/03/2023,Rawalpindi,"Pindi Cricket Stadium, Rawalpindi",Quetta Gladiators,Islamabad United,Islamabad United,field,Islamabad United,wickets,2,Fazalhaq Farooqi,Aleem Dar,Rashid Riaz,AG Wharf,RS Mahanama
1354945,2023,06/03/2023,Rawalpindi,"Pindi Cricket Stadium, Rawalpindi",Karachi Kings,Quetta Gladiators,Quetta Gladiators,field,Quetta Gladiators,wickets,4,MJ Guptill,MJ Saggers,Rashid Riaz,Faisal Afridi,RS Mahanama
1354946,2023,07/03/2023,Rawalpindi,"Pindi Cricket Stadium, Rawalpindi",Peshawar Zalmi,Lahore Qalandars,Peshawar Zalmi,bat,Peshawar Zalmi,runs,35,Saim Ayub,AG Wharf,Asif Yaqoob,Ahsan Raza,Muhammad Javed
1354947,2023,07/03/2023,Rawalpindi,"Pindi Cricket Stadium, Rawalpindi",Multan Sultans,Islamabad United,Islamabad United,field,Islamabad United,wickets,2,Faheem Ashraf,Faisal Afridi,Rashid Riaz,AG Wharf,RS Mahanama
1354948,2023,08/03/2023,Rawalpindi,"Pindi Cricket Stadium, Rawalpindi",Peshawar Zalmi,Quetta Gladiators,Peshawar Zalmi,bat,Quetta Gladiators,wickets,8,JJ Roy,Ahsan Raza,MJ Saggers,AG Wharf,Ali Naqvi
1354949,2023,09/03/2023,Rawalpindi,"Pindi Cricket Stadium, Rawalpindi",Lahore Qalandars,Islamabad United,Lahore Qalandars,bat,Lahore Qalandars,runs,119,Fakhar Zaman,Aleem Dar,Faisal Afridi,Ahsan Raza,RS Mahanama
1354950,2023,10/03/2023,Rawalpindi,"Pindi Cricket Stadium, Rawalpindi",Peshawar Zalmi,Multan Sultans,Peshawar Zalmi,bat,Multan Sultans,wickets,4,RR Rossouw,Ahsan Raza,MJ Saggers,Faisal Afridi,Muhammad Javed
1354951,2023,11/03/2023,Rawalpindi,"Pindi Cricket Stadium, Rawalpindi",Multan Sultans,Quetta Gladiators,Quetta Gladiators,field,Multan Sultans,runs,9,Abbas Afridi,AG Wharf,MJ Saggers,,Ali Naqvi
1354952,2023,12/03/2023,Rawalpindi,"Pindi Cricket Stadium, Rawalpindi",Peshawar Zalmi,Islamabad United,Islamabad United,field,Peshawar Zalmi,runs,13,Mohammad Haris,Ahsan Raza,MJ Saggers,Faisal Afridi,Muhammad Javed
1354953,2023,12/03/2023,Lahore,"Gaddafi Stadium, Lahore",Karachi Kings,Lahore Qalandars,Karachi Kings,bat,Karachi Kings,runs,86,Muhammad Akhlaq,Aleem Dar,Rashid Riaz,Asif Yaqoob,RS Mahanama
1354954,2023,15/03/2023,Lahore,"Gaddafi Stadium, Lahore",Multan Sultans,Lahore Qalandars,Multan Sultans,bat,Multan Sultans,runs,84,KA Pollard,Aleem Dar,AG Wharf,Asif Yaqoob,RS Mahanama
1354955,2023,16/03/2023,Lahore,"Gaddafi Stadium, Lahore",Peshawar Zalmi,Islamabad United,Islamabad United,field,Peshawar Zalmi,runs,12,Aamer Jamal,Ahsan Raza,Faisal Afridi,AG Wharf,RS Mahanama
1354956,2023,17/03/2023,Lahore,"Gaddafi Stadium, Lahore",Peshawar Zalmi,Lahore Qalandars,Peshawar Zalmi,bat,Lahore Qalandars,wickets,4,Mirza Baig,Ahsan Raza,MJ Saggers,Rashid Riaz,RS Mahanama
1354957,2023,18/03/2023,Lahore,"Gaddafi Stadium, Lahore",Lahore Qalandars,Multan Sultans,Lahore Qalandars,bat,Lahore Qalandars,runs,1,Shaheen Shah Afridi,AG Wharf,Rashid Riaz,Asif Yaqoob,RS Mahanama
1416472,2024,17/02/2024,Lahore,"Gaddafi Stadium, Lahore",Lahore Qalandars,Islamabad United,Islamabad United,field,Islamabad United,wickets,8,Shadab Khan,Aleem Dar,MA Gough,Tariq Rasheed,Muhammad Javed
1416473,2024,18/02/2024,Lahore,"Gaddafi Stadium, Lahore",Quetta Gladiators,Peshawar Zalmi,Peshawar Zalmi,field,Quetta Gladiators,runs,16,Saud Shakeel,MA Gough,Tariq Rasheed,Aleem Dar,Muhammad Javed
1416474,2024,18/02/2024,Multan,"Multan Cricket Stadium, Multan",Multan Sultans,Karachi Kings,Karachi Kings,field,Multan Sultans,runs,55,RR Hendricks,CB Gaffaney,Rashid Riaz,Faisal Afridi,Ali Naqvi
1416475,2024,19/02/2024,Lahore,"Gaddafi Stadium, Lahore",Lahore Qalandars,Quetta Gladiators,Lahore Qalandars,bat,Quetta Gladiators,wickets,5,Khawaja Nafay,Aleem Dar,MA Gough,Ahsan Raza,Muhammad Javed
1416476,2024,20/02/2024,Multan,"Multan Cricket Stadium, Multan",Islamabad United,Multan Sultans,Multan Sultans,field,Multan Sultans,wickets,5,Mohammad Ali,CB Gaffaney,Faisal Afridi,Rashid Riaz,Ali Naqvi
1416477,2024,21/02/2024,Lahore,"Gaddafi Stadium, Lahore",Peshawar Zalmi,Karachi Kings,Karachi Kings,field,Karachi Kings,wickets,7,Mir Hamza,Ahsan Raza,MA Gough,RK Illingworth,Muhammad Javed
1416478,2024,21/02/2024,Multan,"Multan Cricket Stadium, Multan",Lahore Qalandars,Multan Sultans,Lahore Qalandars,bat,Multan Sultans,wickets,5,Mohammad Rizwan,CB Gaffaney,Rashid Riaz,Faisal Afridi,Ali Naqvi
1416479,2024,22/02/2024,Lahore,"Gaddafi Stadium, Lahore",Islamabad United,Quetta Gladiators,Quetta Gladiators,field,Quetta Gladiators,wickets,3,RR Rossouw,Aleem Dar,RK Illingworth,MA Gough,Muhammad Javed
1416480,2024,23/02/2024,Multan,"Multan Cricket Stadium, Multan",Peshawar Zalmi,Multan Sultans,Peshawar Zalmi,bat,Peshawar Zalmi,runs,5,L Wood,CB Gaffaney,Faisal Afridi,RSA Palliyaguruge,Ali Naqvi
1416481,2024,24/02/2024,Lahore,"Gaddafi Stadium, Lahore",Lahore Qalandars,Karachi Kings,Karachi Kings,field,Karachi Kings,wickets,2,KA Pollard,Ahsan Raza,RK Illingworth,Aleem Dar,Muhammad Javed
1416482,2024,25/02/2024,Multan,"Multan Cricket Stadium, Multan",Multan Sultans,Quetta Gladiators,Quetta Gladiators,field,Multan Sultans,runs,13,Mohammad Ali,CB Gaffaney,Faisal Afridi,RSA Palliyaguruge,Ali Naqvi
1416483,2024,25/02/2024,Lahore,"Gaddafi Stadium, Lahore",Peshawar Zalmi,Lahore Qalandars,Lahore Qalandars,field,Peshawar Zalmi,runs,8,Saim Ayub,Ahsan Raza,RK Illingworth,Nasir Hussain,RS Mahanama
1416484,2024,26/02/2024,Lahore,"Gaddafi Stadium, Lahore",Peshawar Zalmi,Islamabad United,Islamabad United,field,Peshawar Zalmi,runs,8,Babar Azam,RK Illingworth,Shozab Raza,Ahsan Raza,Muhammad Javed
1416485,2024,27/02/2024,Lahore,"Gaddafi Stadium, Lahore",Multan Sultans,Lahore Qalandars,Multan Sultans,bat,Multan Sultans,runs,60,Usman Khan,Ahsan Raza,RSA Palliyaguruge,Asif Yaqoob,RS Mahanama
1416486,2024,28/02/2024,Karachi,"National Stadium, Karachi",Karachi Kings,Islamabad United,Islamabad United,field,Islamabad United,wickets,7,,CB Gaffaney,Rashid Riaz,Abdul Muqeet,Ali Naqvi
1416487,2024,29/02/2024,Karachi,"National Stadium, Karachi",Karachi Kings,Quetta Gladiators,Quetta Gladiators,field,Quetta Gladiators,wickets,5,SE Rutherford,Abdul Muqeet,CB Gaffaney,Imran Javed,Ali Naqvi
1416490,2024,03/03/2024,Karachi,"National Stadium, Karachi",Multan Sultans,Karachi Kings,Multan Sultans,bat,Multan Sultans,runs,20,Usman Khan,Faisal Afridi,Rashid Riaz,CB Gaffaney,Ali Naqvi
1416491,2024,04/03/2024,Rawalpindi,"Pindi Cricket Stadium, Rawalpindi",Islamabad United,Peshawar Zalmi,Peshawar Zalmi,field,Islamabad United,runs,29,Shadab Khan,Asif Yaqoob,RK Illingworth,RSA Palliyaguruge,RS Mahanama
1416492,2024,05/03/2024,Rawalpindi,"Pindi Cricket Stadium, Rawalpindi",Peshawar Zalmi,Multan Sultans,Peshawar Zalmi,bat,Peshawar Zalmi,runs,4,Babar Azam,AG Wharf,RK Illingworth,RSA Palliyaguruge,RS Mahanama
1416493,2024,06/03/2024,Rawalpindi,"Pindi Cricket Stadium, Rawalpindi",Quetta Gladiators,Karachi Kings,Karachi Kings,field,Karachi Kings,wickets,7,Hasan Ali,Asif Yaqoob,RK Illingworth,Ahsan Raza,RS Mahanama
1416494,2024,06/03/2024,Rawalpindi,"Pindi Cricket Stadium, Rawalpindi",Lahore Qalandars,Islamabad United,Islamabad United,field,Lahore Qalandars,runs,17,HE van der Dussen,Ahsan Raza,AG Wharf,Asif Yaqoob,RS Mahanama
1416495,2024,07/03/2024,Rawalpindi,"Pindi Cricket Stadium, Rawalpindi",Karachi Kings,Islamabad United,Islamabad United,field,Islamabad United,wickets,5,Faheem Ashraf,AG Wharf,RSA Palliyaguruge,Ahsan Raza,RS Mahanama
1416496,2024,08/03/2024,Rawalpindi,"Pindi Cricket Stadium, Rawalpindi",Peshawar Zalmi,Quetta Gladiators,Quetta Gladiators,field,Peshawar Zalmi,runs,76,Saim Ayub,AG Wharf,Asif Yaqoob,Ahsan Raza,RS Mahanama
1416497,2024,09/03/2024,Karachi,"National Stadium, Karachi",Lahore Qalandars,Karachi Kings,Karachi Kings,field,Karachi Kings,wickets,3,Irfan Khan,Rashid Riaz,RK Illingworth,Faisal Afridi,Ali Naqvi
1416498,2024,10/03/2024,Rawalpindi,"Pindi Cricket Stadium, Rawalpindi",Multan Sultans,Islamabad United,Islamabad United,field,Islamabad United,wickets,3,C Munro,Mohammad Asif,RSA Palliyaguruge,Ahsan Raza,RS Mahanama
1416499,2024,10/03/2024,Karachi,"National Stadium, Karachi",Lahore Qalandars,Quetta Gladiators,Lahore Qalandars,bat,Quetta Gladiators,wickets,6,Saud Shakeel,CB Gaffaney,Rashid Riaz,AG Wharf,Ali Naqvi
1416500,2024,11/03/2024,Karachi,"National Stadium, Karachi",Peshawar Zalmi,Karachi Kings,Peshawar Zalmi,bat,Peshawar Zalmi,runs,2,Babar Azam,AG Wharf,Faisal Afridi,Aleem Dar,RS Mahanama
1416501,2024,12/03/2024,Karachi,"National Stadium, Karachi",Multan Sultans,Quetta Gladiators,Quetta Gladiators,field,Multan Sultans,runs,79,Mohammad Rizwan,Rashid Riaz,RK Illingworth,CB Gaffaney,Ali Naqvi
1416502,2024,14/03/2024,Karachi,"National Stadium, Karachi",Peshawar Zalmi,Multan Sultans,Peshawar Zalmi,bat,Multan Sultans,wickets,7,Usama Mir,Aleem Dar,RK Illingworth,Rashid Riaz,RS Mahanama
1416503,2024,15/03/2024,Karachi,"National Stadium, Karachi",Islamabad United,Quetta Gladiators,Islamabad United,bat,Islamabad United,runs,39,Imad Wasim,Ahsan Raza,CB Gaffaney,Asif Yaqoob,Muhammad Javed
1416504,2024,16/03/2024,Karachi,"National Stadium, Karachi",Peshawar Zalmi,Islamabad United,Islamabad United,field,Islamabad United,wickets,5,Imad Wasim,Asif Yaqoob,RK Illingworth,Ahsan Raza,Muhammad Javed
1416505,2024,18/03/2024,Karachi,"National Stadium, Karachi",Multan Sultans,Islamabad United,Multan Sultans,bat,Islamabad United,wickets,2,Imad Wasim,Ahsan Raza,CB Gaffaney,RK Illingworth,RS Mahanama
1475238,2025,11/04/2025,Rawalpindi,"Pindi Cricket Stadium, Rawalpindi",Lahore Qalandars,Islamabad United,Islamabad United,field,Islamabad United,wickets,8,JO Holder,Ahsan Raza,CM Brown,Rashid Riaz,RS Madugalle
1475239,2025,12/04/2025,Rawalpindi,"Pindi Cricket Stadium, Rawalpindi",Quetta Gladiators,Peshawar Zalmi,Peshawar Zalmi,field,Quetta Gladiators,runs,80,Abrar Ahmed,Ahsan Raza,Rashid Riaz,CM Brown,RS Madugalle
1475240,2025,12/04/2025,Karachi,"National Stadium, Karachi",Multan Sultans,Karachi Kings,Karachi Kings,field,Karachi Kings,wickets,4,JM Vince,AG Wharf,Asif Yaqoob,Tariq Rasheed,Iftikhar Ahmed (2)
1475241,2025,13/04/2025,Rawalpindi,"Pindi Cricket Stadium, Rawalpindi",Lahore Qalandars,Quetta Gladiators,Quetta Gladiators,field,Lahore Qalandars,runs,79,Fakhar Zaman,Ahsan Raza,CM Brown,Rashid Riaz,Naeem Arshad
1475242,2025,14/04/2025,Rawalpindi,"Pindi Cricket Stadium, Rawalpindi",Islamabad United,Peshawar Zalmi,Islamabad United,bat,Islamabad United,runs,102,Sahibzada Farhan,Aleem Dar,Nasir Hussain,Rashid Riaz,RS Madugalle
1475243,2025,15/04/2025,Karachi,"National Stadium, Karachi",Lahore Qalandars,Karachi Kings,Lahore Qalandars,bat,Lahore Qalandars,runs,65,Fakhar Zaman,Abdul Muqeet,PR Reiffel,Asif Yaqoob,RS Mahanama
1475244,2025,16/04/2025,Rawalpindi,"Pindi Cricket Stadium, Rawalpindi",Islamabad United,Multan Sultans,Multan Sultans,field,Islamabad United,runs,47,JO Holder,Ahsan Raza,CM Brown,Rashid Riaz,Nadeem Arshad
959175,2016,04/02/2016,Dubai,Dubai International Cricket Stadium,Islamabad United,Quetta Gladiators,Quetta Gladiators,field,Quetta Gladiators,wickets,8,Mohammad Nawaz (3),JS Wilson,Shozab Raza,Rashid Riaz,Mohammed Anees
959177,2016,05/02/2016,Dubai,Dubai International Cricket Stadium,Lahore Qalandars,Karachi Kings,Karachi Kings,field,Karachi Kings,wickets,7,Shakib Al Hasan,JS Wilson,Rashid Riaz,Shozab Raza,Mohammed Anees
959179,2016,05/02/2016,Dubai,Dubai International Cricket Stadium,Peshawar Zalmi,Islamabad United,Peshawar Zalmi,bat,Peshawar Zalmi,runs,24,Mohammad Asghar,Shozab Raza,Rashid Riaz,JS Wilson,Mohammed Anees
959181,2016,06/02/2016,Dubai,Dubai International Cricket Stadium,Karachi Kings,Quetta Gladiators,Quetta Gladiators,field,Quetta Gladiators,wickets,8,Ahmed Shehzad,Shozab Raza,Rashid Riaz,JS Wilson,Mohammed Anees
959183,2016,06/02/2016,Dubai,Dubai International Cricket Stadium,Lahore Qalandars,Peshawar Zalmi,Peshawar Zalmi,field,Peshawar Zalmi,wickets,9,Tamim Iqbal,JS Wilson,Rashid Riaz,Shozab Raza,Mohammed Anees
959185,2016,07/02/2016,Dubai,Dubai International Cricket Stadium,Islamabad United,Karachi Kings,Karachi Kings,field,Islamabad United,runs,2,Saeed Ajmal,JS Wilson,Rashid Riaz,Shozab Raza,Mohammed Anees
959187,2016,07/02/2016,Dubai,Dubai International Cricket Stadium,Peshawar Zalmi,Quetta Gladiators,Quetta Gladiators,field,Quetta Gladiators,wickets,3,Mohammad Nawaz (3),Shozab Raza,Rashid Riaz,JS Wilson,Mohammed Anees
959189,2016,08/02/2016,Dubai,Dubai International Cricket Stadium,Lahore Qalandars,Quetta Gladiators,Quetta Gladiators,field,Lahore Qalandars,runs,63,Umar Akmal,JS Wilson,Aleem Dar,Shozab Raza,Mohammed Anees
959191,2016,10/02/2016,Sharjah,Sharjah Cricket Stadium,Lahore Qalandars,Islamabad United,Islamabad United,field,Islamabad United,wickets,8,Sharjeel Khan,JS Wilson,Aleem Dar,Shozab Raza,Mohammed Anees
959195,2016,11/02/2016,Sharjah,Sharjah Cricket Stadium,Islamabad United,Quetta Gladiators,Quetta Gladiators,field,Quetta Gladiators,wickets,7,GD Elliott,JS Wilson,Aleem Dar,Shozab Raza,Mohammed Anees
959197,2016,12/02/2016,Sharjah,Sharjah Cricket Stadium,Karachi Kings,Lahore Qalandars,Lahore Qalandars,field,Karachi Kings,runs,27,RS Bopara,JS Wilson,Aleem Dar,Shozab Raza,Mohammed Anees
959199,2016,12/02/2016,Sharjah,Sharjah Cricket Stadium,Islamabad United,Peshawar Zalmi,Peshawar Zalmi,field,Peshawar Zalmi,wickets,7,Tamim Iqbal,Shozab Raza,Rashid Riaz,Aleem Dar,Mohammed Anees
959201,2016,13/02/2016,Sharjah,Sharjah Cricket Stadium,Karachi Kings,Quetta Gladiators,Karachi Kings,bat,Quetta Gladiators,wickets,5,GD Elliott,Shozab Raza,Rashid Riaz,Aleem Dar,Mohammed Anees
959203,2016,13/02/2016,Sharjah,Sharjah Cricket Stadium,Lahore Qalandars,Peshawar Zalmi,Peshawar Zalmi,field,Lahore Qalandars,runs,4,CS Delport,JS Wilson,Aleem Dar,Shozab Raza,Mohammed Anees
959205,2016,14/02/2016,Sharjah,Sharjah Cricket Stadium,Karachi Kings,Islamabad United,Islamabad United,field,Islamabad United,wickets,5,Imran Khalid,JS Wilson,Aleem Dar,Shozab Raza,RS Mahanama
959207,2016,14/02/2016,Sharjah,Sharjah Cricket Stadium,Quetta Gladiators,Peshawar Zalmi,Quetta Gladiators,bat,Peshawar Zalmi,wickets,8,Shahid Afridi,Ahmed Shahab,Shozab Raza,Aleem Dar,RS Mahanama
959209,2016,16/02/2016,Dubai,Dubai International Cricket Stadium,Lahore Qalandars,Quetta Gladiators,Quetta Gladiators,field,Quetta Gladiators,wickets,2,Bismillah Khan,JS Wilson,Aleem Dar,Shozab Raza,RS Mahanama
959211,2016,17/02/2016,Dubai,Dubai International Cricket Stadium,Karachi Kings,Peshawar Zalmi,Karachi Kings,bat,Peshawar Zalmi,wickets,5,BJ Hodge,Shozab Raza,Ahsan Raza,JS Wilson,RS Mahanama
959213,2016,17/02/2016,Dubai,Dubai International Cricket Stadium,Lahore Qalandars,Islamabad United,Islamabad United,field,Islamabad United,wickets,5,Mohammad Irfan,JS Wilson,Aleem Dar,Shozab Raza,RS Mahanama
959215,2016,19/02/2016,Dubai,Dubai International Cricket Stadium,Quetta Gladiators,Peshawar Zalmi,Peshawar Zalmi,field,Quetta Gladiators,runs,1,Mohammad Nawaz (3),Shozab Raza,Aleem Dar,Ahsan Raza,RS Mahanama
959217,2016,20/02/2016,Dubai,Dubai International Cricket Stadium,Karachi Kings,Islamabad United,Islamabad United,field,Islamabad United,wickets,9,Mohammad Sami,Aleem Dar,Ahsan Raza,JS Wilson,RS Mahanama
959219,2016,21/02/2016,Dubai,Dubai International Cricket Stadium,Islamabad United,Peshawar Zalmi,Peshawar Zalmi,field,Islamabad United,runs,50,Sharjeel Khan,JS Wilson,Aleem Dar,Ahsan Raza,RS Mahanama
959221,2016,23/02/2016,Dubai,Dubai International Cricket Stadium,Quetta Gladiators,Islamabad United,Islamabad United,field,Islamabad United,wickets,6,DR Smith,JS Wilson,Aleem Dar,Ahsan Raza,RS Mahanama
1475245,2025,18/04/2025,Karachi,"National Stadium, Karachi",Karachi Kings,Quetta Gladiators,Karachi Kings,bat,Karachi Kings,runs,56,JM Vince,PR Reiffel,Tariq Rasheed,Asif Yaqoob,RS Mahanama
1475246,2025,19/04/2025,Rawalpindi,"Pindi Cricket Stadium, Rawalpindi",Peshawar Zalmi,Multan Sultans,Peshawar Zalmi,bat,Peshawar Zalmi,runs,120,Abdul Samad,Aleem Dar,CM Brown,Rashid Riaz,RS Madugalle
1475247,2025,20/04/2025,Karachi,"National Stadium, Karachi",Karachi Kings,Islamabad United,Islamabad United,field,Islamabad United,wickets,6,Shadab Khan,AG Wharf,Asif Yaqoob,Faisal Afridi,RS Mahanama
1475248,2025,21/04/2025,Karachi,"National Stadium, Karachi",Peshawar Zalmi,Karachi Kings,Karachi Kings,field,Karachi Kings,wickets,2,Khushdil Shah,Faisal Afridi,PR Reiffel,Asif Yaqoob,Iftikhar Ahmed
1475249,2025,22/04/2025,Multan,"Multan Cricket Stadium, Multan",Multan Sultans,Lahore Qalandars,Multan Sultans,bat,Multan Sultans,runs,33,Yasir Khan,CM Brown,Rashid Riaz,Ahsan Raza,Ali Naqvi
1475250,2025,23/04/2025,Multan,"Multan Cricket Stadium, Multan",Multan Sultans,Islamabad United,Multan Sultans,bat,Islamabad United,wickets,7,AGS Gous,Ahsan Raza,CM Brown,Rashid Riaz,Ali Naqvi
1475251,2025,24/04/2025,Lahore,"Gaddafi Stadium, Lahore",Lahore Qalandars,Peshawar Zalmi,Peshawar Zalmi,field,Peshawar Zalmi,wickets,7,AS Joseph,AG Wharf,Asif Yaqoob,Faisal Afridi,RS Mahanama
1475252,2025,25/04/2025,Lahore,"Gaddafi Stadium, Lahore",Quetta Gladiators,Karachi Kings,Karachi Kings,field,Quetta Gladiators,runs,5,Abrar Ahmed,Nasir Hussain,PR Reiffel,Faisal Afridi,RS Madugalle
1475253,2025,26/04/2025,Lahore,"Gaddafi Stadium, Lahore",Multan Sultans,Lahore Qalandars,Lahore Qalandars,field,Lahore Qalandars,wickets,5,DJ Mitchell,Ahsan Raza,AG Wharf,Asif Yaqoob,Iqbal Sheikh
1475254,2025,27/04/2025,Lahore,"Gaddafi Stadium, Lahore",Quetta Gladiators,Peshawar Zalmi,Peshawar Zalmi,field,Quetta Gladiators,runs,64,Faheem Ashraf,AG Wharf,Rashid Riaz,Faisal Afridi,Iqbal Sheikh
1475255,2025,29/04/2025,Lahore,"Gaddafi Stadium, Lahore",Multan Sultans,Quetta Gladiators,Quetta Gladiators,field,Quetta Gladiators,wickets,10,Khurram Shahzad,Ahsan Raza,Faisal Afridi,Asif Yaqoob,Muhammad Javed
1475256,2025,30/04/2025,Lahore,"Gaddafi Stadium, Lahore",Lahore Qalandars,Islamabad United,Islamabad United,field,Lahore Qalandars,runs,88,Sikandar Raza,Asif Yaqoob,PR Reiffel,Faisal Afridi,Muhammad Javed
1475257,2025,01/05/2025,Lahore,"Gaddafi Stadium, Lahore",Karachi Kings,Multan Sultans,Karachi Kings,bat,Karachi Kings,runs,87,JM Vince,AG Wharf,Rashid Riaz,CM Brown,Ali Naqvi
1475258,2025,01/05/2025,Lahore,"Gaddafi Stadium, Lahore",Lahore Qalandars,Quetta Gladiators,Quetta Gladiators,field,No Result,,0,,Faisal Afridi,PR Reiffel,Asif Yaqoob,RS Madugalle
1475259,2025,02/05/2025,Lahore,"Gaddafi Stadium, Lahore",Islamabad United,Peshawar Zalmi,Islamabad United,bat,Peshawar Zalmi,wickets,6,Maaz Sadaqat,AG Wharf,Faisal Afridi,Asif Yaqoob,RS Mahanama
1475260,2025,03/05/2025,Lahore,"Gaddafi Stadium, Lahore",Islamabad United,Quetta Gladiators,Quetta Gladiators,field,Quetta Gladiators,wickets,2,Hassan Nawaz,AG Wharf,Rashid Riaz,Faisal Afridi,RS Mahanama
1475261,2025,04/05/2025,Lahore,"Gaddafi Stadium, Lahore",Lahore Qalandars,Karachi Kings,Karachi Kings,field,Karachi Kings,wickets,4,Irfan Khan,Ahsan Raza,AG Wharf,CM Brown,RS Mahanama
1475262,2025,05/05/2025,Multan,"Multan Cricket Stadium, Multan",Multan Sultans,Peshawar Zalmi,Multan Sultans,bat,Peshawar Zalmi,wickets,7,Ahmed Daniyal,Abdul Muqeet,PR Reiffel,Rashid Riaz,Ali Naqvi
1475263,2025,07/05/2025,Rawalpindi,"Pindi Cricket Stadium, Rawalpindi",Quetta Gladiators,Islamabad United,Islamabad United,field,Quetta Gladiators,runs,109,RR Rossouw,Faisal Afridi,HDPK Dharmasena,Asif Yaqoob,RS Madugalle
1475264,2025,17/05/2025,Rawalpindi,"Pindi Cricket Stadium, Rawalpindi",Karachi Kings,Peshawar Zalmi,Peshawar Zalmi,field,Karachi Kings,runs,23,DA Warner,Ahsan Raza,Asif Yaqoob,Faisal Afridi,RS Mahanama
1475265,2025,18/05/2025,Rawalpindi,"Pindi Cricket Stadium, Rawalpindi",Multan Sultans,Quetta Gladiators,Multan Sultans,bat,Quetta Gladiators,wickets,2,Hassan Nawaz,Asif Yaqoob,Faisal Afridi,Ahsan Raza,Muhammad Javed
1475266,2025,18/05/2025,Rawalpindi,"Pindi Cricket Stadium, Rawalpindi",Lahore Qalandars,Peshawar Zalmi,Peshawar Zalmi,field,Lahore Qalandars,runs,26,Salman Mirza,Ahsan Raza,Rashid Riaz,Asif Yaqoob,Ali Naqvi
1475267,2025,19/05/2025,Rawalpindi,"Pindi Cricket Stadium, Rawalpindi",Islamabad United,Karachi Kings,Karachi Kings,field,Islamabad United,runs,79,AD Hales,Faisal Afridi,Rashid Riaz,Asif Yaqoob,RS Mahanama
1475268,2025,21/05/2025,Lahore,"Gaddafi Stadium, Lahore",Quetta Gladiators,Islamabad United,Quetta Gladiators,bat,Quetta Gladiators,runs,30,Faheem Ashraf,Aleem Dar,Asif Yaqoob,Faisal Afridi,Muhammad Javed
1475269,2025,22/05/2025,Lahore,"Gaddafi Stadium, Lahore",Karachi Kings,Lahore Qalandars,Karachi Kings,bat,Lahore Qalandars,wickets,6,Abdullah Shafique,Faisal Afridi,Rashid Riaz,Asif Yaqoob,Ali Naqvi
1475270,2025,23/05/2025,Lahore,"Gaddafi Stadium, Lahore",Lahore Qalandars,Islamabad United,Lahore Qalandars,bat,Lahore Qalandars,runs,95,Salman Mirza,Asif Yaqoob,Faisal Afridi,Rashid Riaz,RS Mahanama
1475271,2025,25/05/2025,Lahore,"Gaddafi Stadium, Lahore",Quetta Gladiators,Lahore Qalandars,Quetta Gladiators,bat,Lahore Qalandars,wickets,6,MDKJ Perera,Asif Yaqoob,Rashid Riaz,Faisal Afridi,RS Mahanama
